{"vorur":[
{"id": "0", "tegund": "halsmen", "heiti": "Hjarta hálsmen", "mynd": "vara1.jpg", "verd": "15900", "info": "Upplýsingar vöru koma hingað"},
{"id": "1", "tegund": "hringur", "heiti": "Steina hringur", "mynd": "vara2.jpg", "verd": "14900", "info": "Upplýsingar vöru koma hingað"},
{"id": "2", "tegund": "halsmen", "heiti": "Þriggja krossa hálsmen", "mynd": "vara3.jpg", "verd": "13900", "info": "Upplýsingar vöru koma hingað"},
{"id": "3", "tegund": "halsmen", "heiti": "Krossa hálsmen", "mynd": "vara4.jpg", "verd": "12900", "info": "Upplýsingar vöru koma hingað"},
{"id": "4", "tegund": "hringur", "heiti": "Silfur hringur", "mynd": "vara5.jpg", "verd": "11900", "info": "Upplýsingar vöru koma hingað"},
{"id": "5", "tegund": "annad", "heiti": "Kross", "mynd": "vara6.jpg", "verd": "10900", "info": "Upplýsingar vöru koma hingað"},
{"id": "6", "tegund": "halsmen", "heiti": "Hálsmen með steini", "mynd": "vara7.jpg", "verd": "19900", "info": "Upplýsingar vöru koma hingað"},
{"id": "7", "tegund": "annad", "heiti": "Silfur blóm", "mynd": "vara8.jpg", "verd": "18900", "info": "Upplýsingar vöru koma hingað"},
{"id": "8", "tegund": "halsmen", "heiti": "Hálsmen", "mynd": "vara9.jpg", "verd": "17900", "info": "Upplýsingar vöru koma hingað"},
{"id": "9", "tegund": "hringur", "heiti": "Hringur", "mynd": "vara10.jpg", "verd": "16900", "info": "Upplýsingar vöru koma hingað"},
{"id": "10", "tegund": "hringur", "heiti": "Hringur", "mynd": "vara11.jpg", "verd": "15900", "info": "Upplýsingar vöru koma hingað"},
{"id": "11", "tegund": "halsmen", "heiti": "Krossa hálsmen", "mynd": "vara12.jpg", "verd": "14900", "info": "Upplýsingar vöru koma hingað"},
{"id": "12", "tegund": "halsmen", "heiti": "Steina hálsmen", "mynd": "vara13.jpg", "verd": "24900", "info": "Upplýsingar vöru koma hingað"},
{"id": "13", "tegund": "halsmen", "heiti": "Hjarta hálsmen", "mynd": "vara14.jpg", "verd": "14900", "info": "Upplýsingar vöru koma hingað"},
{"id": "14", "tegund": "halsmen", "heiti": "Hringa hálsmen", "mynd": "vara15.jpg", "verd": "14900", "info": "Upplýsingar vöru koma hingað"},
{"id": "15", "tegund": "hringur", "heiti": "Hringur með kúlu", "mynd": "vara16.jpg", "verd": "12900", "info": "Upplýsingar vöru koma hingað"},
{"id": "16", "tegund": "halsmen", "heiti": "Hálsmen með steini", "mynd": "vara17.jpg", "verd": "11900", "info": "Upplýsingar vöru koma hingað"},
{"id": "17", "tegund": "hringur", "heiti": "Hringur með steini", "mynd": "vara18.jpg", "verd": "15900", "info": "Upplýsingar vöru koma hingað"},
{"id": "18", "tegund": "hringur", "heiti": "Giftingarhringur", "mynd": "vara19.jpg", "verd": "44900", "info": "Upplýsingar vöru koma hingað"},
{"id": "19", "tegund": "halsmen", "heiti": "Blóma hálsmen", "mynd": "vara20.jpg", "verd": "9900", "info": "Upplýsingar vöru koma hingað"},
{"id": "20", "tegund": "annad", "heiti": "Eyrnalokkar", "mynd": "vara21.jpg", "verd": "7900", "info": "Upplýsingar vöru koma hingað"},
{"id": "21", "tegund": "annad", "heiti": "Eyrnalokkar", "mynd": "vara22.jpg", "verd": "7900", "info": "Upplýsingar vöru koma hingað"},
{"id": "22", "tegund": "halsmen", "heiti": "Hálsmen", "mynd": "vara23.jpg", "verd": "13900", "info": "Upplýsingar vöru koma hingað"},
{"id": "23", "tegund": "hringur", "heiti": "Blóma hringur", "mynd": "vara24.jpg", "verd": "9900", "info": "Upplýsingar vöru koma hingað"},
{"id": "24", "tegund": "hringur", "heiti": "Steina hringur", "mynd": "vara25.jpg", "verd": "12900", "info": "Upplýsingar vöru koma hingað"},
{"id": "25", "tegund": "hringur", "heiti": "Silfur hringur", "mynd": "vara26.jpg", "verd": "8900", "info": "Upplýsingar vöru koma hingað"},
{"id": "26", "tegund": "hringur", "heiti": "Steina hringur", "mynd": "vara27.jpg", "verd": "14900", "info": "Upplýsingar vöru koma hingað"},
{"id": "27", "tegund": "halsmen", "heiti": "Hálsmen með steini", "mynd": "vara28.jpg", "verd": "24900", "info": "Upplýsingar vöru koma hingað"}]}

